Ngày,Nội dung (Chữ viết tay),Số tiền (VNĐ),Ghi chú
10/08/2026,Tiền mặt (TM),500000,Thu
10/08/2026,Tài khoản (TK),1070000,Thu
10/08/2026,Tổng chi,1570000,Chi
11/08/2026,Tiền mặt (TM),611000,Thu
11/08/2026,Chuyển khoản (CK),2211000,Thu
11/08/2026,Tổng chi,1252000,Chi
12/08/2026,Bún,500000,Chi tiết xuất
12/08/2026,Dầu ăn,260000,Chi tiết xuất
12/08/2026,Xúc xích,200000,Chi tiết xuất
12/08/2026,Tiền mặt (TM),2736000,Thu
13/08/2026,Các loại nguyên liệu,1035000,Chi tiết xuất
13/08/2026,Tiền mặt (TM),1412000,Thu
13/08/2026,Tài khoản (TK),2668000,Thu
14/08/2026,Rau đậu...,262000,Chi tiết xuất
14/08/2026,Tiền mặt (TM),1694000,Thu
14/08/2026,Tài khoản (TK),3880000,Thu
15/08/2026,Vỏ bánh nước...,473000,Chi tiết xuất
15/08/2026,Tiền mặt (TM),4414000,Thu
15/08/2026,Tài khoản (TK),727000,Thu
16/08/2026,Xúc xích bánh...,1702000,Chi tiết xuất
16/08/2026,Tiền mặt (TM),730000,Thu
16/08/2026,Tài khoản (TK),3520000,Thu
10/09/2026,Két (TM),1800000,Thu
10/09/2026,Quẹt thẻ (TK),945000,Thu
12/09/2026,Két (TM),1550000,Thu
13/09/2026,Két (TM),1700000,Thu
13/09/2026,Quẹt thẻ (TK),1075000,Thu
14/09/2026,Két (TM),900000,Thu
14/09/2026,Quẹt thẻ (TK),920000,Thu
15/09/2026,Két (TM),700000,Thu
15/09/2026,Quái/Quẹt thẻ (TK),1071000,Thu
16/09/2026,Két (TM),1500000,Thu
16/09/2026,Quái/Quẹt thẻ (TK),1073000,Thu
17/09/2026,Két (TM),1500000,Thu
17/09/2026,Quái/Quẹt thẻ (TK),1149000,Thu
18/09/2026,Két (TM),2000000,Thu
18/09/2026,Quái/Quẹt thẻ (TK),766000,Thu
19/09/2026,Két (TM),1000000,Thu
19/09/2026,Quái/Quẹt thẻ (TK),744000,Thu
