"Ngay_Trong_Tuan","Ca_Lam","Khung_Gio_Chuan","Danh_Sach_NV_Thang_9","So_Luong_NV","Ket_Luan_3_NV_Ca","Ghi_Chu_Va_Thong_Ca"
"Thứ 2","Ca 1 (Sáng)","07:00 - 12:30","Ly + Nhàn","2 người","⚠️ Chưa đủ (Thiếu 1 NV)","Không có NV làm thông ngày T2"
"Thứ 2","Ca 2 (Chiều)","12:00 - 18:30","Dương + Châu","2 người","⚠️ Chưa đủ (Thiếu 1 NV)","Cả 2 ca T2 đều mới có 2 NV"
"Thứ 3","Ca 1 (Sáng)","07:00 - 12:30","Châu + Ly + Nhàn","3 người","✅ Đạt đủ 3 NV","Ly làm thông cả Ca 1 & Ca 2"
"Thứ 3","Ca 2 (Chiều)","12:00 - 18:30","Dương + Ly + Hương","3 người","✅ Đạt đủ 3 NV","Ly làm thông ca giúp bàn giao 12h30 êm đẹp"
"Thứ 4","Ca 1 (Sáng)","07:00 - 12:30","Châu + Huyền + Nhàn","3 người","✅ Đạt đủ 3 NV","Châu làm thông ca đến 16h00"
"Thứ 4","Ca 2 (Chiều)","12:00 - 18:30","Châu(đến 4h) + Dương + Hương","3 người","✅ Đạt đủ 3 NV","Châu về sớm 16h00 (làm 4h ca 2)"
"Thứ 5","Ca 1 (Sáng)","07:00 - 12:30","Dương + Huyền + Ly","3 người","✅ Đạt đủ 3 NV","Dương làm thông cả Ca 1 & Ca 2"
"Thứ 5","Ca 2 (Chiều)","12:00 - 18:30","Châu + Dương + Hương","3 người","✅ Đạt đủ 3 NV","Dương làm thông ca giúp bàn giao 12h30"
"Thứ 6","Ca 1 (Sáng)","07:00 - 12:30","Châu + Huyền + Hương","3 người","✅ Đạt đủ 3 NV","Hương làm thông cả Ca 1 & Ca 2"
"Thứ 6","Ca 2 (Chiều)","12:00 - 18:30","Dương + Hương + Nhàn","3 người","✅ Đạt đủ 3 NV","Hương làm thông ca giúp bàn giao 12h30"
