"Ngay","Thu","Ten_Nhan_Vien","So_Gio_Lam_Thuc_Te","Tinh_Trang_Lich","Ghi_Chu"
"01/09/2026","Thứ 3","Không có NV nào","0 giờ","Nghỉ / Trống lịch","Cửa hàng nghỉ 01/09 & 02/09"
"02/09/2026","Thứ 4","Không có NV nào","0 giờ","Nghỉ lễ 2/9","Cửa hàng nghỉ 01/09 & 02/09"
"03/09/2026","Thứ 5","Hương","7.5 giờ","Làm 1 ca",""
"03/09/2026","Thứ 5","Châu","7.5 giờ","Làm 1 ca",""
"03/09/2026","Thứ 5","Ly","5.5 giờ","Làm 1 ca",""
"04/09/2026","Thứ 6","Hương","13 giờ","Làm thông cả ngày",""
"04/09/2026","Thứ 6","Châu","7 giờ","Làm 1 ca",""
"05/09/2026","Thứ 7","Không có NV nào","0 giờ","Nghỉ / Trống lịch",""
"06/09/2026","Chủ Nhật","Không có NV nào","0 giờ","Nghỉ / Trống lịch",""
"07/09/2026","Thứ 2","Hương","5.5 giờ","Làm 1 ca",""
"07/09/2026","Thứ 2","Châu","9 giờ","Làm 1 ca",""
"07/09/2026","Thứ 2","Ly","5.5 giờ","Làm 1 ca",""
"08/09/2026","Thứ 3","Hương","8 giờ","Làm 1 ca",""
"08/09/2026","Thứ 3","Châu","8 giờ","Làm 1 ca",""
"08/09/2026","Thứ 3","Ly","11.5 giờ","Làm thông cả ngày",""
"08/09/2026","Thứ 3","Huyền","5.5 giờ","Làm 1 ca",""
"09/09/2026","Thứ 4","Hương","12 giờ","Làm thông cả ngày",""
"09/09/2026","Thứ 4","Châu","12 giờ","Làm thông cả ngày",""
"10/09/2026","Thứ 5","Hương","7.5 giờ","Làm 1 ca",""
"10/09/2026","Thứ 5","Châu","8.5 giờ","Làm 1 ca",""
"10/09/2026","Thứ 5","Dương","7 giờ","Làm 1 ca",""
"11/09/2026","Thứ 6","Hương","13 giờ","Làm thông cả ngày",""
"11/09/2026","Thứ 6","Châu","9 giờ","Làm 1 ca",""
"11/09/2026","Thứ 6","Dương","7.5 giờ","Làm 1 ca",""
"11/09/2026","Thứ 6","Huyền","5.5 giờ","Làm 1 ca",""
"11/09/2026","Thứ 6","Nhàn","8 giờ","Làm 1 ca",""
"12/09/2026","Thứ 7","Dương","8 giờ","Làm 1 ca",""
"13/09/2026","Chủ Nhật","Không có NV nào","0 giờ","Nghỉ / Trống lịch",""
"14/09/2026","Thứ 2","Hương","2.5 giờ","Làm 1 ca",""
"14/09/2026","Thứ 2","Châu","9 giờ","Làm 1 ca",""
"14/09/2026","Thứ 2","Ly","12.5 giờ","Làm thông cả ngày",""
"14/09/2026","Thứ 2","Dương","7 giờ","Làm 1 ca",""
"14/09/2026","Thứ 2","Nhàn","10 giờ","Làm 1 ca",""
"15/09/2026","Thứ 3","Hương","7.5 giờ","Làm 1 ca",""
"15/09/2026","Thứ 3","Châu","6 giờ","Làm 1 ca",""
"15/09/2026","Thứ 3","Dương","8 giờ","Làm 1 ca",""
"15/09/2026","Thứ 3","Huyền","5.5 giờ","Làm 1 ca",""
"15/09/2026","Thứ 3","Nhàn","5 giờ","Làm 1 ca",""
"16/09/2026","Thứ 4","Hương","12.5 giờ","Làm thông cả ngày",""
"16/09/2026","Thứ 4","Châu","12.5 giờ","Làm thông cả ngày",""
"16/09/2026","Thứ 4","Dương","8 giờ","Làm 1 ca",""
"16/09/2026","Thứ 4","Nhàn","5.5 giờ","Làm 1 ca",""
"17/09/2026","Thứ 5","Hương","9.5 giờ","Làm 1 ca",""
"17/09/2026","Thứ 5","Châu","11 giờ","Làm thông cả ngày",""
"17/09/2026","Thứ 5","Ly","5.5 giờ","Làm 1 ca",""
"17/09/2026","Thứ 5","Dương","10.5 giờ","Làm 1 ca",""
"17/09/2026","Thứ 5","Huyền","5.5 giờ","Làm 1 ca",""
"18/09/2026","Thứ 6","Hương","13 giờ","Làm thông cả ngày",""
"18/09/2026","Thứ 6","Châu","10 giờ","Làm 1 ca",""
"18/09/2026","Thứ 6","Dương","11 giờ","Làm thông cả ngày",""
"18/09/2026","Thứ 6","Huyền","4.5 giờ","Làm 1 ca",""
"18/09/2026","Thứ 6","Nhàn","4.5 giờ","Làm 1 ca",""
"19/09/2026","Thứ 7","Không có NV nào","0 giờ","Nghỉ / Trống lịch",""
"20/09/2026","Chủ Nhật","Không có NV nào","0 giờ","Nghỉ / Trống lịch",""
"21/09/2026","Thứ 2","Châu","7.5 giờ","Làm 1 ca",""
"21/09/2026","Thứ 2","Ly","5.5 giờ","Làm 1 ca",""
"21/09/2026","Thứ 2","Dương","7 giờ","Làm 1 ca",""
"21/09/2026","Thứ 2","Nhàn","8 giờ","Làm 1 ca",""
"22/09/2026","Thứ 3","Hương","8 giờ","Làm 1 ca",""
"22/09/2026","Thứ 3","Châu","7.5 giờ","Làm 1 ca",""
"22/09/2026","Thứ 3","Ly","10.5 giờ","Làm 1 ca",""
"22/09/2026","Thứ 3","Dương","7.5 giờ","Làm 1 ca",""
"22/09/2026","Thứ 3","Nhàn","6 giờ","Làm 1 ca",""
"23/09/2026","Thứ 4","Hương","7.5 giờ","Làm 1 ca",""
"23/09/2026","Thứ 4","Châu","9 giờ","Làm 1 ca",""
"23/09/2026","Thứ 4","Dương","7 giờ","Làm 1 ca",""
"23/09/2026","Thứ 4","Huyền","5.5 giờ","Làm 1 ca",""
"23/09/2026","Thứ 4","Nhàn","5.5 giờ","Làm 1 ca",""
"24/09/2026","Thứ 5","Hương","9 giờ","Làm 1 ca",""
"24/09/2026","Thứ 5","Châu","9 giờ","Làm 1 ca",""
"24/09/2026","Thứ 5","Ly","5.5 giờ","Làm 1 ca",""
"24/09/2026","Thứ 5","Dương","13 giờ","Làm thông cả ngày",""
"24/09/2026","Thứ 5","Huyền","5.5 giờ","Làm 1 ca",""
"25/09/2026","Thứ 6","Hương","13 giờ","Làm thông cả ngày",""
"25/09/2026","Thứ 6","Châu","8 giờ","Làm 1 ca",""
"25/09/2026","Thứ 6","Dương","8 giờ","Làm 1 ca",""
"25/09/2026","Thứ 6","Huyền","5.5 giờ","Làm 1 ca",""
"25/09/2026","Thứ 6","Nhàn","7 giờ","Làm 1 ca",""
"26/09/2026","Thứ 7","Hương","7.5 giờ","Làm 1 ca",""
"26/09/2026","Thứ 7","Châu","8.5 giờ","Làm 1 ca",""
"27/09/2026","Chủ Nhật","Không có NV nào","0 giờ","Nghỉ / Trống lịch",""
"28/09/2026","Thứ 2","Hương","5 giờ","Làm 1 ca",""
"28/09/2026","Thứ 2","Châu","12.5 giờ","Làm thông cả ngày",""
"28/09/2026","Thứ 2","Ly","5.5 giờ","Làm 1 ca",""
"28/09/2026","Thứ 2","Dương","9 giờ","Làm 1 ca",""
"29/09/2026","Thứ 3","Ly","11.5 giờ","Làm thông cả ngày",""
"29/09/2026","Thứ 3","Nhàn","12 giờ","Làm thông cả ngày",""
"30/09/2026","Thứ 4","Hương","12.5 giờ","Làm thông cả ngày",""
"30/09/2026","Thứ 4","Châu","10.5 giờ","Làm 1 ca",""