"Ngay_Trong_Tuan","Ca_Lam","Khung_Gio_Chuan","Danh_Sach_NV_Ranh_Thang_10","So_Luong_NV","Ket_Luan_3_NV_Ca","Ghi_Chu_Va_Thong_Ca"
"Thứ 2","Ca Sáng","07:00 - 12:30","Ly, Hiền Lương","2 người (Thiếu 1)","Hiền Lương rảnh cả ngày T2"
"Thứ 2","Ca Chiều","12:00 - 18:30","T.Dương, Phan Châu, Hiền Lương, Minh Châu","4 người (Chọn 3)","Có 4 người rảnh ca này"
"Thứ 3","Ca Sáng","07:00 - 12:30","Ly, Hiền Lương, Nhàn","3 người (Đủ)","Nhàn rảnh cả ngày T3"
"Thứ 3","Ca Chiều","12:00 - 18:30","Hương, T.Dương, Minh Châu, Nhàn","4 người (Chọn 3)","Có 4 người rảnh ca này"
"Thứ 4","Ca Sáng","07:00 - 12:30","Hương, Phan Châu, Nhàn, T.Dương (từ 9h)","4 người (Chọn 3)","T.Dương rảnh từ 9h00 (làm 3.5h)"
"Thứ 4","Ca Chiều","12:00 - 18:30","Hương, T.Dương, Minh Châu","3 người (Đủ)","Hương rảnh cả ngày T4"
"Thứ 5","Ca Sáng","07:00 - 12:30","T.Dương, Ly, Nhàn","3 người (Đủ)","Ly rảnh sáng T5"
"Thứ 5","Ca Chiều","12:00 - 18:30","T.Dương, Phan Châu, Nhàn (đến 16h)","3 người (Có NV về sớm)","Nhàn chỉ rảnh đến 16h00 (về sớm 2.5h)"
"Thứ 6","Ca Sáng","07:00 - 12:30","Hiền Lương","1 người (Thiếu 2)","Hiền Lương rảnh sáng T6"
"Thứ 6","Ca Chiều","12:00 - 18:30","Minh Châu","1 người (Thiếu 2)","Minh Châu rảnh chiều T6"
"Thứ 7","Ca Sáng","07:00 - 12:30","Không có","0 người (Trống)","Không nhân viên nào rảnh"
"Thứ 7","Ca Chiều","12:00 - 18:30","Không có","0 người (Trống)","Không nhân viên nào rảnh"
"Chủ Nhật","Ca Sáng","07:00 - 12:30","Không có","0 người (Trống)","Không nhân viên nào rảnh"
"Chủ Nhật","Ca Chiều","12:00 - 18:30","Không có","0 người (Trống)","Không nhân viên nào rảnh"
