Ngày,Loại,Hạng mục,Số tiền,Số lượng,Ghi chú
2026-09-15,Thu,Tiền mặt,700000,,Két
2026-09-15,Thu,Chuyển khoản,1071000,,Quẹt thẻ
2026-09-16,Thu,Tiền mặt,1500000,,Két
2026-09-16,Thu,Chuyển khoản,1073000,,Quẹt thẻ
2026-09-17,Thu,Tiền mặt,1500000,,Két
2026-09-17,Thu,Chuyển khoản,1149000,,Quẹt thẻ
2026-09-18,Thu,Tiền mặt,2000000,,Két
2026-09-18,Thu,Chuyển khoản,766000,,Quẹt thẻ
2026-09-19,Thu,Tiền mặt,1000000,,Két
2026-09-19,Thu,Chuyển khoản,744000,,Quẹt thẻ
2026-09-10,Thu,Tiền mặt,1800000,,Két
2026-09-10,Thu,Chuyển khoản,945000,,Quẹt thẻ
2026-09-12,Thu,Tiền mặt,1550000,,Két
2026-09-13,Thu,Tiền mặt,1700000,,Két
2026-09-13,Thu,Chuyển khoản,1075000,,Quẹt thẻ
2026-09-14,Thu,Tiền mặt,900000,,Két
2026-09-14,Thu,Chuyển khoản,920000,,Quẹt thẻ
